-- phpMyAdmin SQL Dump
-- version 4.8.5
-- https://www.phpmyadmin.net/
--
-- Host: 127.0.0.1
-- Generation Time: Jan 12, 2021 at 01:32 PM
-- Server version: 10.1.38-MariaDB
-- PHP Version: 5.6.40

SET SQL_MODE = "NO_AUTO_VALUE_ON_ZERO";
SET AUTOCOMMIT = 0;
START TRANSACTION;
SET time_zone = "+00:00";


/*!40101 SET @OLD_CHARACTER_SET_CLIENT=@@CHARACTER_SET_CLIENT */;
/*!40101 SET @OLD_CHARACTER_SET_RESULTS=@@CHARACTER_SET_RESULTS */;
/*!40101 SET @OLD_COLLATION_CONNECTION=@@COLLATION_CONNECTION */;
/*!40101 SET NAMES utf8mb4 */;

--
-- Database: `club_rmuti`
--

-- --------------------------------------------------------

--
-- Table structure for table `agency`
--

CREATE TABLE `agency` (
  `id` int(10) NOT NULL,
  `name` varchar(100) NOT NULL
) ENGINE=InnoDB DEFAULT CHARSET=utf8;

--
-- Dumping data for table `agency`
--

INSERT INTO `agency` (`id`, `name`) VALUES
(1521, 'สาขาวิชาการบัญชี'),
(1625, 'สาขาเทคโนโลยีสารสนเทศและการสื่อสาร '),
(1631, 'สาขาวิชาการท่องเที่ยว'),
(1733, 'สาขาวิศวกรรมคอมพิวเตอร์'),
(1741, 'สาขาวิศวกรรมเครื่องกล'),
(1832, 'สาขาวิชาสถาปัตยกรรมภายใน');

-- --------------------------------------------------------

--
-- Table structure for table `club_professor`
--

CREATE TABLE `club_professor` (
  `club_no` int(20) NOT NULL,
  `professor_no` int(10) NOT NULL
) ENGINE=InnoDB DEFAULT CHARSET=utf8;

--
-- Dumping data for table `club_professor`
--

INSERT INTO `club_professor` (`club_no`, `professor_no`) VALUES
(325, 511),
(325, 512),
(408, 515),
(408, 516),
(507, 507),
(507, 508),
(690, 503),
(690, 504),
(923, 503),
(923, 504),
(923, 513),
(923, 514),
(958, 512),
(958, 513),
(961, 517),
(961, 518);

-- --------------------------------------------------------

--
-- Table structure for table `club_student`
--

CREATE TABLE `club_student` (
  `club_no` int(20) NOT NULL,
  `student_no` varchar(20) NOT NULL
) ENGINE=InnoDB DEFAULT CHARSET=utf8;

--
-- Dumping data for table `club_student`
--

INSERT INTO `club_student` (`club_no`, `student_no`) VALUES
(325, '58172110334-8'),
(325, '60152110017-5'),
(325, '60152110021-3'),
(325, '60152110248-7'),
(325, '60152110350-3'),
(325, '60162110513-8'),
(325, '60182110014-9'),
(325, '60182110059-0'),
(325, '60182110062-8'),
(325, '60182110064-8'),
(325, '60182110182-3'),
(325, '60182110214-7'),
(325, '﻿58172110017-5'),
(408, '58172110027-3'),
(408, '60152110021-3'),
(408, '60152110042-9'),
(408, '60152110045-9'),
(408, '60162110513-8'),
(408, '60162110516-8'),
(408, '60182110062-8'),
(408, '60182110064-8'),
(408, '60182110182-3'),
(408, '﻿58172110017-5'),
(507, '58172110334-8'),
(507, '60152110017-5'),
(507, '60152110040-9'),
(507, '60152110042-9'),
(507, '60152110045-9'),
(507, '60152110248-7'),
(507, '60162110513-8'),
(507, '60182110014-9'),
(507, '60182110062-8'),
(507, '60182110182-3'),
(507, '﻿58172110017-5'),
(690, '58172110027-3'),
(690, '58172110334-8'),
(690, '60152110017-5'),
(690, '60152110350-3'),
(690, '60182110014-9'),
(690, '60182110059-0'),
(690, '60182110214-7'),
(923, '58172110027-3'),
(923, '60152110040-9'),
(923, '60152110042-9'),
(923, '60152110350-3'),
(923, '60162110516-8'),
(923, '60182110059-0'),
(923, '60182110064-8'),
(923, '60182110214-7'),
(961, '60152110021-3'),
(961, '60152110040-9'),
(961, '60152110045-9'),
(961, '60152110248-7'),
(961, '60162110516-8');

-- --------------------------------------------------------

--
-- Table structure for table `id_faculty`
--

CREATE TABLE `id_faculty` (
  `faculty_id` int(20) NOT NULL,
  `name` varchar(100) NOT NULL
) ENGINE=InnoDB DEFAULT CHARSET=utf8;

--
-- Dumping data for table `id_faculty`
--

INSERT INTO `id_faculty` (`faculty_id`, `name`) VALUES
(1500, 'คณะบริหารธุรกิจ'),
(1600, 'คณะวิทยาศาสตร์และศิลปะศาสตร์'),
(1700, 'คณะวิศวกรรมศาสตร์และสถาปัตยกรรมศาสตร์'),
(1800, 'คณะศิลปกรรมและออกแบบอุตสาหกรรม');

-- --------------------------------------------------------

--
-- Table structure for table `member`
--

CREATE TABLE `member` (
  `id` varchar(13) NOT NULL,
  `fname` varchar(100) NOT NULL,
  `lname` varchar(100) NOT NULL,
  `email` varchar(100) NOT NULL,
  `permission` varchar(20) NOT NULL,
  `login` varchar(50) NOT NULL,
  `password` varchar(50) NOT NULL
) ENGINE=InnoDB DEFAULT CHARSET=utf8;

--
-- Dumping data for table `member`
--

INSERT INTO `member` (`id`, `fname`, `lname`, `email`, `permission`, `login`, `password`) VALUES
('59172110406-1', 'ศุภชัย', 'มิสา', 'tonthekp@gmail.com', 'admin', 'supachai.mi', '044963225'),
('58172110334-8', 'ชญานนท์', 'ไทยสะเทือน', 'mixkiedrum@hotmail.com', 'user', 'mixkie', '123456'),
('58172110027-3', 'อนันทวัฒน์', 'หึกขุนทด', 'anantawat@gmail.com', 'admin', 'pondpokpat', '123456789');

-- --------------------------------------------------------

--
-- Table structure for table `professor`
--

CREATE TABLE `professor` (
  `professor_no` int(10) NOT NULL,
  `prefix` varchar(10) NOT NULL,
  `fname` varchar(50) NOT NULL,
  `lname` varchar(50) NOT NULL,
  `faculty` int(50) NOT NULL,
  `field_of_study` int(50) NOT NULL
) ENGINE=InnoDB DEFAULT CHARSET=utf8;

--
-- Dumping data for table `professor`
--

INSERT INTO `professor` (`professor_no`, `prefix`, `fname`, `lname`, `faculty`, `field_of_study`) VALUES
(501, 'นาง', 'ทิพา', 'กองศรีมา', 1700, 1733),
(502, 'นาย', 'ชิติสรรค์ ', 'วิชิโต', 1700, 1733),
(503, 'นาย', 'ประกาย', 'นาดี', 1700, 1733),
(504, 'นาย', 'วิทยา', 'ศรีกุล', 1700, 1733),
(505, 'นาย', 'กฤษณะ', 'สั่งการ', 1600, 1625),
(506, 'นาย', 'จงกล', 'จันทร์เรือง', 1600, 1625),
(507, 'นาย', 'เจิมพงศ์ ', 'ใจหล้า', 1600, 1625),
(508, 'นาย', 'เฉลิมชัย ', 'หล่อวงศ์ตระกูล', 1600, 1625),
(509, 'นาย', 'โสภณ', 'สินสร้าง', 1700, 1741),
(510, 'นาย', 'อภิวัฒน์', 'เพชรวงศ์', 1700, 1741),
(511, 'นาย', 'อารยันต์', 'วงษ์นิยม', 1700, 1741),
(512, 'นาย', 'อำพล ', 'ทันไชย', 1700, 1741),
(513, 'นาย', 'จัตุพล', 'ป้องกัน', 1700, 1741),
(514, 'นาย', 'ธนโชติ', 'ศิริรักษ์', 1700, 1741),
(515, 'นาง', 'อัญชลี', 'บุบผามาลา', 1600, 1625),
(516, 'นาย', 'อานนท์', 'จันทรตัง', 1600, 1625),
(517, 'นาย', 'เอกชัย', 'แซ่จึง', 1600, 1625),
(518, 'นาง', 'สุมาลี', 'ชัยสิทธิ์', 1600, 1625),
(519, 'นาย', 'พุทธาวุฒิ', 'ลีกุลธร', 1700, 1733),
(520, 'นาย', 'อภิชาต', 'ติรประเสริฐสิน', 1700, 1733);

-- --------------------------------------------------------

--
-- Table structure for table `student`
--

CREATE TABLE `student` (
  `student_no` varchar(20) NOT NULL,
  `prefix` varchar(10) NOT NULL,
  `fname` varchar(50) NOT NULL,
  `lname` varchar(50) NOT NULL,
  `faculty` int(50) NOT NULL,
  `field_of_study` int(50) NOT NULL
) ENGINE=InnoDB DEFAULT CHARSET=utf8;

--
-- Dumping data for table `student`
--

INSERT INTO `student` (`student_no`, `prefix`, `fname`, `lname`, `faculty`, `field_of_study`) VALUES
('58172110027-3', 'นาย', 'อนันทวัฒน์', 'หึกขุนทด', 1700, 1733),
('58172110035-1', 'นางสาว', 'ประภาภรณ์', 'จอมคำสิงห์', 1700, 1733),
('58172110116-4', 'นาย', 'ภุมรินทร์', 'จอมเกาะ', 1700, 1733),
('58172110222-1', 'นางสาว', 'กุลสตรี', 'ถ่ายจอหอ', 1700, 1733),
('58172110246-7', 'นาย', 'ฐิติพันธ์', 'กลึงกลางดอน', 1700, 1733),
('58172110284-8', 'นาย', 'อรรถพล', 'ด่านกลาง', 1700, 1733),
('58172110291-6', 'นาย', 'ศิรศิลป์', 'ขจรสมบัติ', 1700, 1733),
('58172110309-4', 'นาย', 'ฐากร', 'ดวงกลาง', 1700, 1733),
('58172110334-8', 'นาย', 'ชญานนท์', 'ไทยสะเทือน', 1700, 1733),
('58172110389-7', 'นางสาว', 'สิริญญา', 'สียางนอก', 1700, 1733),
('58172110449-5', 'นาย', 'เจษฎา', 'กลีบตะขบ', 1700, 1733),
('58172110540-4', 'นาย', 'ฤทธิเกียรติ', 'ประจักษ์ธีรนนท์', 1700, 1733),
('58172110548-4', 'นางสาว', 'ธัญลักษณ์', 'นวลพุดซา', 1700, 1733),
('58172110587-5', 'นาย', 'ฤทธิ์ชัย', 'จันทาโพธิ์', 1700, 1733),
('58172110608-1', 'นาย', 'สุวิชา', 'ทรัพย์เจริญมาก', 1700, 1733),
('58172110643-3', 'นาย', 'อธิบดี', 'คำเลี้ยม', 1700, 1733),
('58172110658-0', 'นางสาว', 'กิตติมา', 'เทียมธรรม', 1700, 1733),
('60152110001-7', 'นางสาว', 'ลัลนา', 'ลอยศักดิ์', 1500, 1521),
('60152110006-7', 'นางสาว', 'อภิริญา', 'จันทะไทย', 1500, 1521),
('60152110017-5', 'นางสาว', 'พิชญา', 'ชารีพันธ์', 1500, 1521),
('60152110021-3', 'นางสาว', 'ธรณ์ธันย์', 'บุญสิน', 1500, 1521),
('60152110022-3', 'นางสาว', 'ธัญรดา', 'แขดอน', 1500, 1521),
('60152110026-3', 'นางสาว', 'กันต์ฤทัย', 'ปานกลาง', 1500, 1521),
('60152110027-3', 'นางสาว', 'คนางค์นุช', 'บุญพัฒน์', 1500, 1521),
('60152110030-1', 'นางสาว', 'พรสุดา', 'ดีสำโรง', 1500, 1521),
('60152110033-1', 'นางสาว', 'เสาวลักษณ์', 'เลื่อยกระโทก', 1500, 1521),
('60152110040-9', 'นางสาว', 'นฤทัย', 'มอญกลาง', 1500, 1521),
('60152110042-9', 'นางสาว', 'ศกลรัตน์', 'คุณสันเทียะ', 1500, 1521),
('60152110045-9', 'นางสาว', 'หัตถยาภรณ์', 'มะลังศรี', 1500, 1521),
('60152110130-0', 'นางสาว', 'นิชาดา', 'แก่นกระโทก', 1500, 1521),
('60152110147-8', 'นางสาว', 'ชนาพร', 'ญาตินิยม', 1500, 1521),
('60152110164-3', 'นางสาว', 'ธนพร', 'เชาวลิต', 1500, 1521),
('60152110166-3', 'นางสาว', 'ปัทมา', 'ดีเลิศ', 1500, 1521),
('60152110167-3', 'นางสาว', 'ศรัญญา', 'หงษ์วิลัย', 1500, 1521),
('60152110168-3', 'นางสาว', 'สมาพร', 'หิดเมียงสงค์', 1500, 1521),
('60152110169-3', 'นางสาว', 'สุทธิดา', 'อังกนก', 1500, 1521),
('60152110226-1', 'นาย', 'เดชาวัต', 'กายเมืองปัก', 1500, 1521),
('60152110235-9', 'นางสาว', 'ชลลดา', 'พิมเสน', 1500, 1521),
('60152110238-9', 'นางสาว', 'พรรณนิภา', 'ทวนขุนทด', 1500, 1521),
('60152110248-7', 'นางสาว', 'ลลิตตา', 'ศาลางาม', 1500, 1521),
('60152110250-4', 'นางสาว', 'วิภารัตน์', 'ตุ้มเพ็ชร', 1500, 1521),
('60152110305-4', 'นางสาว', 'สกาวรัตน์', 'มนัสกิจอัมพร', 1500, 1521),
('60152110339-8', 'นางสาว', 'อนันตญา', 'เกขุนทด', 1500, 1521),
('60152110348-6', 'นางสาว', 'เขมิกา', 'สุประมา', 1500, 1521),
('60152110350-3', 'นางสาว', 'วาสนา', 'จิตต์สม', 1500, 1521),
('60152110366-1', 'นางสาว', 'ชลลดา', 'เทียนขุนทด', 1500, 1521),
('60152110371-9', 'นางสาว', 'นิลาวัลย์', 'ราชพิทักษ์', 1500, 1521),
('60152110441-5', 'นางสาว', 'จตุรพร', 'เจนด่านกลาง', 1500, 1521),
('60152110444-5', 'นางสาว', 'สิรีธร', 'ขอต่อกลาง', 1500, 1521),
('60152110446-5', 'นาย', 'วรโชติ', 'ดาวกลาง', 1500, 1521),
('60152110448-5', 'นางสาว', 'พิชชาภา', 'จันทร์ศิริ', 1500, 1521),
('60152110456-2', 'นางสาว', 'กัลยาณี', 'จุฑาจินดาเขต', 1500, 1521),
('60152110508-2', 'นางสาว', 'โสรยา', 'จุ้ยกลาง', 1500, 1521),
('60152110551-1', 'นางสาว', 'นันทัชพร', 'เด็ดพุดซา', 1500, 1521),
('60152110556-1', 'นางสาว', 'หทัยวรรณ', 'แป้นนางรอง', 1500, 1521),
('60152110564-9', 'นางสาว', 'กมลวรรณ', 'ทองเปลี่ยน', 1500, 1521),
('60162110001-5', 'นาย', 'ชัชวาล', 'จิตรโคตร', 1600, 1631),
('60162110042-7', 'นางสาว', 'รัตติยากรณ์', 'ศรีชา', 1600, 1631),
('60162110052-4', 'นาย', 'ธนาวุฒิ', 'ลี้โชติ', 1600, 1631),
('60162110119-2', 'นางสาว', 'ชนาภรณ์', 'นามกระโทก', 1600, 1631),
('60162110120-0', 'นางสาว', 'ณัฐมณ', 'พลเสนา', 1600, 1631),
('60162110121-0', 'นางสาว', 'นฤมล', 'หมั่นการ', 1600, 1631),
('60162110122-0', 'นางสาว', 'ปัณฑิตา', 'นาคีรักษ์', 1600, 1631),
('60162110144-6', 'นางสาว', 'พิมลพัฒน์', 'ชิดขุนทด', 1600, 1631),
('60162110161-1', 'นางสาว', 'สิริรัตน์', 'จรจังหรีด', 1600, 1631),
('60162110165-1', 'นาย', 'รัชชพงษ์', 'เอกะสิงห์', 1600, 1631),
('60162110174-9', 'นางสาว', 'รสรินทร์', 'กกสันเทียะ', 1600, 1631),
('60162110175-9', 'นางสาว', 'ณัฐวรรณ', 'เงาเกาะ', 1600, 1631),
('60162110184-7', 'นางสาว', 'ปิยะมาศ', 'เขินสูงเนิน', 1600, 1631),
('60162110190-5', 'นางสาว', 'ดวงฤดี', 'ดีหมื่นไวย', 1600, 1631),
('60162110194-5', 'นางสาว', 'พัชราวรรณ', 'ถนอมพลกรัง', 1600, 1631),
('60162110228-9', 'นางสาว', 'สมฤดี', 'แอบสุข', 1600, 1631),
('60162110238-7', 'นางสาว', 'นิภาวรรณ', 'เหล่าสมบัติทวี', 1600, 1631),
('60162110267-0', 'นางสาว', 'นภัสสร', 'ปิ่นโคกกรวด', 1600, 1631),
('60162110274-8', 'นางสาว', 'ธมลวรรณ', 'เสน่ห์', 1600, 1631),
('60162110313-0', 'นางสาว', 'รุ่งไพลิน', 'อ่อนเขนย', 1600, 1631),
('60162110315-0', 'นางสาว', 'บัณฑิตา', 'มิ่งเจริญ', 1600, 1631),
('60162110316-0', 'นางสาว', 'วรรณิดา', 'ปล้องกระโทก', 1600, 1631),
('60162110319-0', 'นางสาว', 'ศุชานันท์', 'เจือจาน', 1600, 1631),
('60162110320-8', 'นางสาว', 'ณัฐฑิตา', 'ร่มเริงรัชต์', 1600, 1631),
('60162110323-8', 'นางสาว', 'จิราภรณ์', 'สิทธิเวช', 1600, 1631),
('60162110329-8', 'นางสาว', 'วลัยลักษณ์', 'หรั่งนางรอง', 1600, 1631),
('60162110356-1', 'นาย', 'พัทธพน', 'เจตน์นอก', 1600, 1631),
('60162110375-7', 'นาย', 'ธีรเดช', 'หนูโคกสูง', 1600, 1631),
('60162110378-7', 'นางสาว', 'กมลวรรณ', 'แตงวิเชียร', 1600, 1631),
('60162110407-1', 'นางสาว', 'ภัทรานิษฐ์', 'อุดมดัน', 1600, 1631),
('60162110423-7', 'นางสาว', 'ปิยาภรณ์', 'แทนพลกรัง', 1600, 1631),
('60162110446-3', 'นางสาว', 'พิมพ์ลภัส', 'อยู่คำ', 1600, 1631),
('60162110485-4', 'นางสาว', 'เรืองลดา', 'ธารพันธุ์', 1600, 1631),
('60162110513-8', 'นาย', 'คงศักดิ์', 'ธรรมวิเศษ', 1600, 1631),
('60162110516-8', 'นางสาว', 'เมธิรา', 'ประสานสุข', 1600, 1631),
('60182110014-9', 'นางสาว', 'ธิดาพร', 'ป่วงกระโทก', 1800, 1832),
('60182110029-7', 'นางสาว', 'ณัฐวดี', 'แพนไธสง', 1800, 1832),
('60182110041-3', 'นางสาว', 'เจนจิรา', 'น้ำคำ', 1800, 1832),
('60182110050-0', 'นางสาว', 'จุฑามาศ', 'เลนนาแซง', 1800, 1832),
('60182110059-0', 'นางสาว', 'โจนาธาน', 'ชื่นกมล', 1800, 1832),
('60182110060-8', 'นางสาว', 'อนุธิดา', 'ยอดจันทึก', 1800, 1832),
('60182110062-8', 'นางสาว', 'กชกร', 'ถมจอหอ', 1800, 1832),
('60182110064-8', 'นางสาว', 'เขมจิรา', 'สาทิสประภา', 1800, 1832),
('60182110070-6', 'นางสาว', 'ณัฐริกา', 'เครื่องกลาง', 1800, 1832),
('60182110072-6', 'นาย', 'ศิริวิษฐ์', 'เหลืองประเสริฐ', 1800, 1832),
('60182110096-2', 'นางสาว', 'คาซูกิ', 'โอจิไอ', 1800, 1832),
('60182110102-0', 'นางสาว', 'พิมพ์ผกา', 'เพิ่มเพียร', 1800, 1832),
('60182110105-0', 'นาย', 'พงศธร', 'คนตรง', 1800, 1832),
('60182110118-8', 'นางสาว', 'แพรวา', 'จั่นอาจ', 1800, 1832),
('60182110120-6', 'นางสาว', 'ดุจญาดา', 'อรรถกิจทวี', 1800, 1832),
('60182110134-4', 'นาย', 'ศุภกร', 'ผดุงกิจ', 1800, 1832),
('60182110139-4', 'นาย', 'ภาณุวัฒน์', 'คงแสน', 1800, 1832),
('60182110142-2', 'นาย', 'วีรภัทร', 'สาริวงษ์', 1800, 1832),
('60182110149-2', 'นางสาว', 'สุดารัตน์', 'ดามะดัน', 1800, 1832),
('60182110161-7', 'นาย', 'ณัฐพล', 'สินนอก', 1800, 1832),
('60182110173-5', 'นาย', 'จิรวัฒน์', 'ดำเนตร', 1800, 1832),
('60182110179-5', 'นางสาว', 'อนงค์', 'ตาแดง', 1800, 1832),
('60182110182-3', 'นาย', 'อภิสิทธิ์', 'ราชวัตร', 1800, 1832),
('60182110186-3', 'นางสาว', 'วรรณวิสา', 'ทองหมื่นไวย', 1800, 1832),
('60182110187-3', 'นางสาว', 'มัทรินทร์', 'เจือจันทร์', 1800, 1832),
('60182110214-7', 'นางสาว', 'ธิดารัตน์', 'อุปถัมภ์', 1800, 1832),
('60182110282-2', 'นาย', 'สหรัฐ', 'อินทร์ยู่', 1800, 1832),
('60182110297-0', 'นาย', 'พนัส', 'ผัดเป้า', 1800, 1832),
('﻿58172110017-5', 'นาย', 'ชำนาญ', 'กางโคกกรวด', 1700, 1733);

-- --------------------------------------------------------

--
-- Table structure for table `s_organization`
--

CREATE TABLE `s_organization` (
  `parent` varchar(8) CHARACTER SET ascii NOT NULL COMMENT 'รหัสโครงสร้างบน',
  `code` varchar(8) CHARACTER SET ascii NOT NULL COMMENT 'รหัสหน่วยงาน',
  `name` varchar(512) NOT NULL COMMENT 'ชื่อหน่วยงานภาษาไทย',
  `name_en` varchar(512) DEFAULT NULL COMMENT 'ชื่อหน่วยงานภาษาอังกฤษ',
  `level` int(11) NOT NULL DEFAULT '0' COMMENT 'ระดับชั้นตามโครงสร้าง',
  `type` int(11) NOT NULL DEFAULT '0' COMMENT 'ประเภทหน่วยงาน',
  `status` int(11) NOT NULL DEFAULT '0',
  `remark` blob
) ENGINE=InnoDB DEFAULT CHARSET=tis620;

--
-- Dumping data for table `s_organization`
--

INSERT INTO `s_organization` (`parent`, `code`, `name`, `name_en`, `level`, `type`, `status`, `remark`) VALUES
('0', '0000', 'มหาวิทยาลัยเทคโนโลยีราชมงคลอีสาน', 'NULL', 1, 10, 1, NULL),
('0000', '1000', 'ศูนย์กลางมหาวิทยาลัยเทคโนโลยีราชมงคลอีสาน', 'NULL', 2, 20, 1, ''),
('1000', '1010', 'สถาบันชุณหะวัณเพื่อการพัฒนาธุรกิจเอสเอ็มอีอย่างยั่งยืน', 'NULL', 0, 32, 1, NULL),
('1000', '1020', 'สถาบันบริการวิชาการแห่งมหาวิทยาลัยเทคโนโลยีราชมงคลอีสาน', 'NULL', 0, 32, 1, NULL),
('1000', '1050', 'หน่วยตรวจสอบภายใน', 'NULL', 0, 31, 1, NULL),
('1050', '1050010', 'แผนกงานวางแผนและปฏิบัติงานตรวจสอบ', 'NULL', 0, 60, 1, NULL),
('1050', '1050020', 'แผนกงานรายงานและติดตามผลการตรวจ', 'NULL', 0, 60, 1, NULL),
('1000', '1100', 'สำนักงานอธิการบดี', 'NULL', 0, 40, 1, NULL),
('1100', '1101', 'งานบริหารงานทั่วไป', 'NULL', 0, 51, 1, NULL),
('1100', '1102', 'งานการประชุม', 'NULL', 0, 51, 1, ''),
('1100', '1103', 'งานสารบรรณ', 'NULL', 0, 51, 1, ''),
('1100', '1110', 'กองกลาง', 'NULL', 0, 50, 1, NULL),
('1110', '1111', 'งานบริหารงานทั่วไป', 'NULL', 0, 51, 1, NULL),
('1111', '1111010', 'แผนกงานธุรการ', 'NULL', 0, 60, 1, NULL),
('1111', '1111020', 'แผนกงานสารบรรณมหาวิทยาลัย', 'NULL', 0, 60, 1, NULL),
('1110', '1112', 'งานบริหารสินทรัพย์', 'NULL', 0, 51, 1, NULL),
('1112', '1112010', 'แผนกงานรับงานนอก', 'NULL', 0, 60, 1, NULL),
('1112', '1112020', 'แผนกงานจำหน่วยผลิตภัณฑ์', 'NULL', 0, 60, 1, NULL),
('1112', '1112030', 'แผนกงานระเบียบบริหารสินทรัพย์', 'NULL', 0, 60, 1, NULL),
('1110', '1113', 'งานออกแบบและพัสดุ', 'NULL', 0, 51, 1, ''),
('1110', '1114', 'งานประชาสัมพันธ์และเผยแพร่', 'NULL', 0, 51, 1, NULL),
('1114', '1114010', 'แผนกงานเผยแพร่ข่าวสารและสื่อมวลชนสัมพันธ์', 'NULL', 0, 60, 1, NULL),
('1114', '1114020', 'แผนกงานผลิตสื่อโสตทัศน์', 'NULL', 0, 60, 1, NULL),
('1114', '1114030', 'แผนกงานออกแบบและผลิตสื่อสิ่งพิมพ์', 'NULL', 0, 60, 1, NULL),
('1110', '1116', 'สำนักงานกิจการสภาของมหาวิทยาลัย', 'NULL', 0, 51, 1, NULL),
('1116', '1116010', 'แผนกงานบริหารงานทั่วไป', 'NULL', 0, 60, 1, NULL),
('1116', '1116020', 'แผนกงานประชุมและประสานงาน', 'NULL', 0, 60, 1, NULL),
('1110', '1117', 'งานเลขานุการ', 'NULL', 0, 51, 1, NULL),
('1117', '1117010', 'แผนกงานบริหารงานทั่วไป', 'NULL', 0, 60, 1, NULL),
('1117', '1117020', 'แผนกงานเลขานุการ', 'NULL', 0, 60, 1, NULL),
('1117', '1117030', 'แผนกงานประชุมมหาวิทยาลัย', 'NULL', 0, 60, 1, NULL),
('1110', '1118', 'งานอาคารสถานที่ และยานพาหนะ', 'NULL', 0, 51, 1, NULL),
('1118', '1118010', 'แผนกงานธุรการ', 'NULL', 0, 60, 1, NULL),
('1118', '1118020', 'แผนกงานอาคารสถานที่', 'NULL', 0, 60, 1, NULL),
('1118', '1118030', 'แผนกงานยานพาหนะ', 'NULL', 0, 60, 1, NULL),
('1118', '1118040', 'แผนกงานบริการสวัสดิการและสาธารณูปโภค', 'NULL', 0, 60, 1, NULL),
('1118', '1118050', 'แผนกงานรักษาความปลอดภัย', 'NULL', 0, 60, 1, NULL),
('1118', '1118060', 'แผนกงานออกแบบสิ่งก่อสร้าง', 'NULL', 0, 60, 1, NULL),
('1118', '1118070', 'แผนกงานภูมิทัศน์และสิ่งแวดล้อม', 'NULL', 0, 60, 1, NULL),
('1118', '1118080', 'แผนกงานพลังงานและสิ่งแวดล้อม', 'NULL', 0, 60, 1, NULL),
('1100', '1120', 'กองคลัง', 'NULL', 0, 50, 1, NULL),
('1120', '1121', 'งานบริหารงานทั่วไป', 'NULL', 0, 51, 1, NULL),
('1120', '1122', 'งานการเงิน', 'NULL', 0, 51, 1, NULL),
('1120', '1123', 'งานบัญชี', 'NULL', 0, 51, 1, NULL),
('1120', '1124', 'งานงบประมาณ', 'NULL', 0, 51, 1, NULL),
('1120', '1126', 'งานพัสดุ', 'NULL', 0, 51, 1, NULL),
('1100', '1130', 'กองนโยบายและแผน', 'NULL', 0, 50, 1, NULL),
('1130', '1131', 'งานบริหารงานทั่วไป', 'NULL', 0, 51, 1, NULL),
('1131', '1131010', 'แผนกงานธุรการกอง', 'NULL', 0, 60, 1, NULL),
('1130', '1132', 'งานงบประมาณและติดตามประเมินผล', 'NULL', 0, 51, 1, NULL),
('1132', '1132010', 'แผนกงานงบประมาณเงินแผ่นดิน', 'NULL', 0, 60, 1, NULL),
('1132', '1132020', 'แผนกงานงบประมาณเงินรายได้', 'NULL', 0, 60, 1, NULL),
('1132', '1132030', 'แผนกงานประเมินผลและรายงาน', 'NULL', 0, 60, 1, NULL),
('1130', '1133', 'งานสารสนเทศเพื่อการบริหาร', 'NULL', 0, 51, 1, NULL),
('1133', '1133010', 'แผนกงานระบบสารสนเทศเพื่อการบริหาร', 'NULL', 0, 60, 1, NULL),
('1133', '1133020', 'แผนกงานระบบฐานข้อมูลสารสนเทศมหาวิทยาลัย', 'NULL', 0, 60, 1, NULL),
('1133', '1133030', 'แผนกงานเผยแพร่และบริการข้อมูลสารสนเทศมหาวิทยาลัย', 'NULL', 0, 60, 1, NULL),
('1130', '1134', 'งานวิเทศน์สัมพันธ์', 'NULL', 0, 51, 1, NULL),
('1134', '1134010', 'แผนกงานบริหารงานวิเทศสัมพันธ์', 'NULL', 0, 60, 1, NULL),
('1134', '1134020', 'แผนกงานความสัมพันธ์ระหว่างประเทศ', 'NULL', 0, 60, 1, NULL),
('1134', '1134030', 'แผนกงานสารนิเทศ', 'NULL', 0, 60, 1, NULL),
('1130', '1135', 'งานนโยบายและแผนยุทธศาสตร์', 'NULL', 0, 51, 1, NULL),
('1135', '1135010', 'แผนกงานนโยบายและแผนยุทธศาสตร์', 'NULL', 0, 60, 1, NULL),
('1135', '1135020', 'แผนกงานประมวลผลยุทธศาสตร์', 'NULL', 0, 60, 1, NULL),
('1135', '1135030', 'แผนกงานวิเคราะห์โครงสร้างสถาบัน', 'NULL', 0, 60, 1, NULL),
('1130', '1136', 'ศูนย์ศึกษานานาชาติ', 'NULL', 0, 53, 1, ''),
('1136', '1136010', 'แผนกงานบริหารงานทั่วไป', 'NULL', 0, 60, 1, NULL),
('1136', '1136020', 'แผนกงานศูนย์ภาษา', 'NULL', 0, 60, 1, NULL),
('1136', '1136030', 'แผนกงานศูนย์อาเซียน', 'NULL', 0, 60, 1, NULL),
('1100', '1140', 'กองบริหารงานบุคคล', 'NULL', 0, 50, 1, NULL),
('1140', '1141', 'งานบริหารงานทั่วไป', 'NULL', 0, 51, 1, NULL),
('1140', '1142', 'งานสรรหาและสิทธิประโยชน์', NULL, 0, 51, 1, NULL),
('1140', '1143', 'งานกำหนดตำแหน่งและแต่งตั้งบุคลากร', NULL, 0, 0, 1, NULL),
('1140', '1144', 'งานพัฒนาบุคลากรและวินัย', 'NULL', 0, 51, 1, ''),
('1140', '1145', 'สํานักงานกฎหมาย', 'NULL', 0, 40, 1, ''),
('1145', '1145010', 'แผนกงานนิติการ', 'NULL', 0, 60, 1, NULL),
('1145', '1145020', 'แผนกงานวินัยและคดี', 'NULL', 0, 60, 1, NULL),
('1140', '1146', 'งานบริหารงานบุคคล', 'NULL', 0, 51, 1, ''),
('1100', '1150', 'กองพัฒนานักศึกษา', 'NULL', 0, 50, 1, NULL),
('1151', '1150010', 'แผนกงานธุรการกอง', 'NULL', 0, 60, 1, NULL),
('1150', '1151', 'งานบริหารงานทั่วไป', 'NULL', 0, 51, 1, NULL),
('1150', '1152', 'งานพัฒนาทักษะวินัยและประสบการณ์นักศึกษา', 'NULL', 0, 51, 1, NULL),
('1152', '1152010', 'แผนกงานพัฒนาวินัย', 'NULL', 0, 60, 1, NULL),
('1152', '1152020', 'แผนกงานส่งเสริมจริยธรรม', 'NULL', 0, 60, 1, NULL),
('1152', '1152030', 'แผนกงานส่งเสริมศิลปะและวัฒนธรรม', 'NULL', 0, 60, 1, NULL),
('1152', '1152040', 'แผนกงานสร้างเสริมประสบการนักศึกษา', 'NULL', 0, 60, 1, NULL),
('1150', '1153', 'งานบริการสวัสดิการนักศึกษาและสุขภาพอนามัย', 'NULL', 0, 51, 1, NULL),
('1153', '1153010', 'แผนกงานสวัสดิการนักศึกษา', 'NULL', 0, 60, 1, NULL),
('1153', '1153020', 'แผนกงานกองทุนนักศึกษา', 'NULL', 0, 60, 1, NULL),
('1153', '1153030', 'แผนกงานบริการหอพักนักศึกษา', 'NULL', 0, 60, 1, NULL),
('1153', '1153040', 'แผนกงานพยาบาลและการประกันสุขภาพ', 'NULL', 0, 60, 1, NULL),
('1150', '1154', 'งานกีฬาและกิจกรรมนักศึกษา', 'NULL', 0, 51, 1, NULL),
('1154', '1154010', 'แผนกงานกิจกรรมนักศึกษา', 'NULL', 0, 60, 1, NULL),
('1154', '1154020', 'แผนกงานวิชาทหาร', 'NULL', 0, 60, 1, NULL),
('1154', '1154030', 'แผนกงานกีฬานักศึกษา', 'NULL', 0, 60, 1, NULL),
('1150', '1155', 'งานแนะแนวการศึกษาและอาชีพ', 'NULL', 0, 51, 1, NULL),
('1155', '1155010', 'แผนกงานแนะแนวการศึกษาและอาชีพ', 'NULL', 0, 60, 1, NULL),
('1155', '1155020', 'แผนกงานจัดนักศึกษาสู่ตําแหน่งงานและศิษย์เก่า', 'NULL', 0, 60, 1, NULL),
('1150', '1156', 'งานสุขภาพและอนามัย', 'NULL', 0, 51, 1, ''),
('1110', '1161', 'ศูนย์เทคโนโลยีชุณหะวัน', 'NULL', 0, 53, 1, ''),
('1161', '1161010', 'แผนกงานบริหารงานทั่วไป', 'NULL', 0, 60, 1, NULL),
('1161', '1161020', 'แผนกงานฝึกอบรมและบริการ', 'NULL', 0, 60, 1, NULL),
('1161', '1161030', 'แผนกงานวิชาการ', 'NULL', 0, 60, 1, NULL),
('1161', '1161040', 'แผนกงานพันธกิจสัมพันธ์ชุมชน', 'NULL', 0, 60, 1, NULL),
('1110', '1162', 'ศูนย์การศึกษาหนองระเวียง', 'NULL', 0, 53, 1, ''),
('1162', '1162010', 'แผนกงานบริหารจัดการศูนย์', 'NULL', 0, 60, 1, NULL),
('1000', '1200', 'สถาบันวิจัยและพัฒนา', 'NULL', 0, 32, 1, NULL),
('1200', '1210', 'สำนักงานผู้อำนวยการ', 'NULL', 0, 40, 1, NULL),
('1210', '1211', 'งานบริหารงานทั่วไป', 'NULL', 0, 51, 1, NULL),
('1210', '1212', 'งานวิจัย', 'NULL', 0, 51, 1, NULL),
('1210', '1213', 'งานบริการวิชาการ', 'NULL', 0, 51, 1, NULL),
('1210', '1214', 'ศูนย์อนุรักษ์และพัฒนาทรัพยากรภาคตะวันออกเฉียงเหนือตอนกลาง', 'NULL', 0, 53, 1, ''),
('1214', '1214010', 'แผนกงานบริหารงานทั่วไป', 'NULL', 0, 60, 1, NULL),
('1214', '1214020', 'แผนกงานบริการวิชาการ', 'NULL', 0, 60, 1, NULL),
('1214', '1214030', 'แผนกงานโครงการอนุรักษ์พันธุ์กรรมพืช', 'NULL', 0, 60, 1, NULL),
('1214', '1214040', 'แผนกงานสวนพฤกษศาสตร์โรงเรียน', 'NULL', 0, 60, 1, NULL),
('1210', '1215', 'ศูนย์วิจัยและถ่ายทอดเทคโนโลยีทุ่งกุลาร้องไห้', 'NULL', 0, 53, 1, ''),
('1215', '1215010', 'แผนกงานห้องสมุด', 'NULL', 0, 60, 1, NULL),
('1215', '1215020', 'แผนกงานวิจัย', 'NULL', 0, 60, 1, NULL),
('1215', '1215030', 'แผนกงานบริการวิชาการ', 'NULL', 0, 60, 1, NULL),
('1000', '1300', 'สำนักวิทยบริการและเทคโนโลยีสารสนเทศ', 'NULL', 0, 31, 1, NULL),
('1300', '1310', 'สำนักงานผู้อำนวยการ', 'NULL', 0, 40, 1, NULL),
('1310', '1311', 'งานบริหารงานทั่วไป', 'NULL', 0, 51, 1, NULL),
('1311', '1311010', 'แผนกงานธุรการสํานัก', 'NULL', 0, 60, 1, NULL),
('1310', '1312', 'งานวิทยบริการ', 'NULL', 0, 51, 1, NULL),
('1312', '1312010', 'แผนกงานห้องสมุด', 'NULL', 0, 60, 1, NULL),
('1312', '1312020', 'แผนกงานจดหมายเหตุและสารสนเทศท้องถิ่น', 'NULL', 0, 60, 1, NULL),
('1312', '1312030', 'แผนกงานศูนย์การเรียนด้วยตนเอง', 'NULL', 0, 60, 1, NULL),
('1310', '1313', 'งานเทคโนโลยีสารสนเทศ', 'NULL', 0, 51, 1, NULL),
('1313', '1313010', 'แผนกงานเทคโนโลยีคอมพิวเตอร์', 'NULL', 0, 60, 1, NULL),
('1313', '1313020', 'แผนกงานวิศวกรรมเครือข่าย', 'NULL', 0, 60, 1, NULL),
('1000', '1400', 'สำนักส่งเสริมวิชาการและงานทะเบียน', 'NULL', 0, 31, 1, NULL),
('1400', '1410', 'สำนักงานผู้อำนวยการ', 'NULL', 0, 40, 1, NULL),
('1410', '1411', 'งานบริหารงานทั่วไป', 'NULL', 0, 51, 1, NULL),
('1411', '1411010', 'แผนกงานธุรการสํานัก', 'NULL', 0, 60, 1, NULL),
('1411', '1411020', 'แผนกงานแผนและงบประมาณ', 'NULL', 0, 60, 1, NULL),
('1411', '1411030', 'แผนกงานสารบรรณ', 'NULL', 0, 60, 1, NULL),
('1411', '1411040', 'แผนกงานการเงิน บัญชี และพัสดุุ', 'NULL', 0, 60, 1, NULL),
('1411', '1411050', 'แผนกงานสถิติและฐานข้อมูลสารสนเทศ', 'NULL', 0, 60, 1, NULL),
('1411', '1411060', 'แผนกงานรับพระราชทานปริญญาบัตร', 'NULL', 0, 60, 1, NULL),
('1410', '1412', 'งานประกันคุณภาพและประเมินผล', 'NULL', 0, 51, 1, NULL),
('1412', '1412010', 'แผนกงานประกันคุณภาพการศึกษา', 'NULL', 0, 60, 1, NULL),
('1412', '1412020', 'แผนกงานประเมินผล', 'NULL', 0, 60, 1, NULL),
('1410', '1413', 'งานพัฒนาวิชาการและส่งเสริมการศึกษา', 'NULL', 0, 51, 1, NULL),
('1413', '1413010', 'แผนกงานพัฒนาวิชาการ', 'NULL', 0, 60, 1, NULL),
('1413', '1413020', 'แผนกงานส่งเสริมวิชาการ/ฝึกอบรม', 'NULL', 0, 60, 1, NULL),
('1413', '1413030', 'แผนกงานส่งเสริมสหกิจศึกษา/ฝึกประสบการณ์วิชาชีพ', 'NULL', 0, 60, 1, NULL),
('1410', '1414', 'งานทะเบียนและประมวลผล', 'NULL', 0, 51, 1, NULL),
('1414', '1414010', 'แผนกงานทะเบียนและประมวลผล', 'NULL', 0, 60, 1, NULL),
('1414', '1414020', 'แผนกงานเอกสารทางการศึกษา/บริการ', 'NULL', 0, 60, 1, NULL),
('1414', '1414030', 'แผนกงานบัณฑิตศึกษา', 'NULL', 0, 60, 1, NULL),
('1414', '1414040', 'แผนกงานประมวลผลและอนุมัติผลการศึกษา', 'NULL', 0, 60, 1, NULL),
('1414', '1414050', 'แผนกงานสถิติและฐานข้อมูลสารสนเทศงานทะเบียน', 'NULL', 0, 60, 1, NULL),
('1414', '1414060', 'แผนกงานเอกสารผู้สำเร็จการศึกษา', 'NULL', 0, 60, 1, NULL),
('1410', '1415', 'วิทยาลัยนวัตกรรมวิชาชีพ', 'NULL', 0, 52, 1, ''),
('1410', '1416', 'สํานักศึกษาทั่วไป', 'NULL', 0, 51, 1, NULL),
('1400', '1418', 'สถาบันระบบรางแห่งมหาวิทยาลัยเทคโนโลยีราชมงคลอีสาน', NULL, 0, 52, 1, ''),
('1000', '1500', 'คณะบริหารธุรกิจ', 'NULL', 0, 30, 1, NULL),
('1500', '1510', 'สํานักงานคณบดี', 'NULL', 0, 40, 1, NULL),
('1510', '1511', 'งานบริหารงานทั่วไป', 'NULL', 0, 51, 1, NULL),
('1511', '1511010', 'แผนกงานธุรการคณะ', 'NULL', 0, 60, 1, NULL),
('1511', '1511020', 'แผนกงานแผนและประกันคุณภาพการศึกษา', 'NULL', 0, 60, 1, NULL),
('1510', '1512', 'งานวิชาการและวิจัย', 'NULL', 0, 51, 1, ''),
('1510', '1513', 'งานพัฒนานักศึกษา', 'NULL', 0, 51, 1, ''),
('1510', '1515', 'งานบริการการศึกษา', 'NULL', 0, 51, 1, NULL),
('1515', '1515010', 'แผนกงานวิชาการและวิจัย', 'NULL', 0, 60, 1, NULL),
('1515', '1515020', 'แผนกงานพัฒนานักศึกษา', 'NULL', 0, 60, 1, NULL),
('1500', '1520', 'กลุ่มสาขาบริหารธุรกิจ', 'NULL', 0, 41, 1, NULL),
('1520', '1521', 'สาขาการบัญชี', 'NULL', 0, 52, 1, NULL),
('1520', '1522', 'สาขาการเงิน', 'NULL', 0, 52, 1, NULL),
('1520', '1523', 'สาขาการตลาด', 'NULL', 0, 52, 1, NULL),
('1500', '1530', 'กลุ่มสาขาระบบสารสนเทศและการจัดการ', 'NULL', 0, 41, 1, NULL),
('1530', '1531', 'สาขาระบบสารสนเทศ', 'NULL', 0, 52, 1, NULL),
('1530', '1532', 'สาขาการจัดการ', 'NULL', 0, 52, 1, NULL),
('1500', '1533', 'สาขาเศรษฐศาสตร์', 'NULL', 0, 52, 1, NULL),
('1000', '1600', 'คณะวิทยาศาสตร์และศิลปศาสตร์', 'NULL', 0, 30, 1, ''),
('1600', '1610', 'สำนักงานคณบดี คณะวิทยาศาสตร์และศิลปศาสตร์', 'NULL', 0, 40, 1, NULL),
('1610', '1611', 'งานบริหารงานทั่วไป', 'NULL', 0, 51, 1, NULL),
('1611', '1611010', 'แผนกงานธุรการคณะ', 'NULL', 0, 60, 1, NULL),
('1611', '1611020', 'แผนกงานแผนและประกันคุณภาพการศึกษา', 'NULL', 0, 60, 1, NULL),
('1610', '1612', 'งานวิชาการและวิจัย', 'NULL', 0, 51, 1, ''),
('1610', '1613', 'งานพัฒนานักศึกษา', 'NULL', 0, 51, 1, ''),
('1610', '1615', 'งานบริการการศึกษา', 'NULL', 0, 51, 1, NULL),
('1615', '1615010', 'แผนกงานวิชาการและวิจัย', 'NULL', 0, 60, 1, NULL),
('1615', '1615020', 'แผนกงานพัฒนานักศึกษา', 'NULL', 0, 60, 1, NULL),
('1600', '1620', 'กลุ่มสาขาวิทยาศาสตร์และเทคโนโลยี', 'NULL', 0, 41, 1, NULL),
('1620', '1621', 'สาขาคณิตศาสตร์และสถิติประยุกต์', 'NULL', 0, 52, 1, NULL),
('1620', '1622', 'สาขาเคมีประยุกต์', 'NULL', 0, 52, 1, NULL),
('1620', '1623', 'สาขาฟิสิกส์ประยุกต์', 'NULL', 0, 52, 1, NULL),
('1620', '1624', 'สาขาชีววิทยาประยุกต์', 'NULL', 0, 52, 1, NULL),
('1620', '1625', 'สาขาเทคโนโลยีสารสนเทศและการสื่อสาร (ICT)', 'NULL', 0, 52, 1, NULL),
('1620', '1626', 'สาขาเทคโนโลยีการเกษตรและสิ่งแวดล้อม', 'NULL', 0, 52, 1, NULL),
('1600', '1630', 'กลุ่มสาขาศิลปศาสตร์', 'NULL', 0, 41, 1, NULL),
('1630', '1631', 'สาขาสังคมศาสตร์', 'NULL', 0, 52, 1, NULL),
('1630', '1632', 'สาขามนุษยศาสตร์', 'NULL', 0, 52, 1, NULL),
('1600', '1633', 'ศูนย์ภาษา', 'NULL', 0, 53, 1, ''),
('1000', '1700', 'คณะวิศวกรรมศาสตร์และสถาปัตยกรรมศาสตร์', 'NULL', 0, 30, 1, NULL),
('1700', '1710', 'สํานักงานคณบดี', 'NULL', 0, 40, 1, ''),
('1710', '1711', 'งานบริหารงานทั่วไป', 'NULL', 0, 51, 1, NULL),
('1711', '1711010', 'แผนกงานธุรการคณะ', 'NULL', 0, 60, 1, ''),
('1711', '1711020', 'แผนกงานแผนและประกันคุณภาพการศึกษา', 'NULL', 0, 60, 1, ''),
('1710', '1712', 'งานวิชาการและวิจัย', 'NULL', 0, 51, 0, ''),
('1710', '1713', 'งานพัฒนานักศึกษา', 'NULL', 0, 51, 0, ''),
('1710', '1715', 'งานบริการการศึกษา', 'NULL', 0, 51, 1, NULL),
('1715', '1715010', 'แผนกงานวิชาการและวิจัย', 'NULL', 0, 60, 1, ''),
('1715', '1715020', 'แผนกงานพัฒนานักศึกษา', 'NULL', 0, 60, 1, ''),
('1700', '1720', 'กลุ่มสาขาวิศวกรรมโยธา', 'NULL', 0, 41, 1, NULL),
('1720', '1721', 'สาขาวิศวกรรมโยธา', 'NULL', 0, 52, 1, ''),
('1720', '1722', 'สาขาวิศวกรรมสำรวจ', 'NULL', 0, 52, 1, ''),
('1700', '1730', 'กลุ่มสาขาวิศวกรรมไฟฟ้า', 'NULL', 0, 41, 1, NULL),
('1730', '1731', 'สาขาวิศวกรรมไฟฟ้า', 'NULL', 0, 52, 1, NULL),
('1730', '1732', 'สาขาวิศวกรรมโทรคมนาคม', 'NULL', 0, 52, 1, NULL),
('1730', '1733', 'สาขาวิศวกรรมคอมพิวเตอร์', 'NULL', 0, 52, 1, ''),
('1730', '1734', 'สาขาวิศวกรรมอิเล็กทรอนิกส์', 'NULL', 0, 52, 1, NULL),
('1700', '1740', 'กลุ่มสาขาวิศวกรรมเครื่องกล', 'NULL', 0, 41, 1, NULL),
('1740', '1741', 'สาขาวิศวกรรมเครื่องกล', 'NULL', 0, 52, 1, ''),
('1740', '1742', 'สาขาวิศวกรรมเครื่องจักรกลเกษตร', 'NULL', 0, 52, 1, NULL),
('1740', '1743', 'สาขาวิศวกรรมหลังการเก็บเกี่ยวและแปรสภาพ', 'NULL', 0, 52, 1, NULL),
('1740', '1744', 'สาขาวิศวกรรมยานยนต์', 'NULL', 0, 52, 1, NULL),
('1740', '1745', 'สาขาวิศวกรรมการทำความเย็นและการปรับอากาศ', 'NULL', 0, 52, 1, NULL),
('1740', '1746', 'สาขาวิศวกรรมเมคคาทรอนิกส์', 'NULL', 0, 52, 1, NULL),
('1700', '1750', 'กลุ่มสาขาวิศวกรรมอุตสาหการ', 'NULL', 0, 41, 1, NULL),
('1750', '1751', 'สาขาวิศวกรรมอุตสาหการ', 'NULL', 0, 52, 1, NULL),
('1750', '1752', 'สาขาวิศวกรรมวัสดุ', 'NULL', 0, 52, 1, NULL),
('1700', '1770', 'ศูนย์สอบเทียบเครื่องมือวัดอุตสาหกรรม (CIC)', 'NULL', 0, 53, 1, ''),
('1770', '177010', 'แผนกงานบริหารจัดการศูนย์', 'NULL', 0, 60, 1, NULL),
('1770', '177020', 'แผนกงานงานคุณภาพ', 'NULL', 0, 60, 1, NULL),
('1770', '177030', 'แผนกงานงานวิชาการ', 'NULL', 0, 60, 1, NULL),
('1700', '1771', 'ศูนย์เครื่องจักรอัตโนมัติ(CNC)', 'NULL', 0, 53, 1, ''),
('1771', '1771010', 'แผนกงานบริหารจัดการศูนย์', 'NULL', 0, 60, 1, NULL),
('1700', '1772', 'ศูนย์ฝึกอบรมพัฒนาเทคโนโลยีการออกแบบแม่พิมพ์และชิ้นส่วน', 'NULL', 0, 53, 1, ''),
('1772', '1772010', 'แผนกงานบริหารจัดการศูนย์', 'NULL', 0, 60, 1, NULL),
('1772', '1772020', 'แผนกงานวิชาการและบริการ', 'NULL', 0, 60, 1, NULL),
('1772', '1772030', 'แผนกงานบริการ', 'NULL', 0, 60, 1, NULL),
('1700', '1773', 'ศูนย์เทคโนโลยีและนวัตกรรม', 'NULL', 0, 53, 1, ''),
('1773', '1773010', 'แผนกงานบริหารจัดการศูนย์', 'NULL', 0, 60, 1, NULL),
('1773', '1773020', 'หน่วยปฏิบัติการพื้นฐานวิศวกรรม', 'NULL', 0, 60, 1, ''),
('1773', '1773030', 'หน่วยปฏิบัติการวิศวกรรมไฟฟ้า', 'NULL', 0, 60, 1, ''),
('1773', '1773040', 'หน่วยปฏิบัติการวิศวกรรมโยธา', 'NULL', 0, 60, 1, ''),
('1773', '1773050', 'หน่วยปฏิบัติการวิศวกรรมอุตสาหการ', 'NULL', 0, 60, 1, ''),
('1773', '1773060', 'หน่วยปฏิบัติการวิศวกรรมเครื่องกล', 'NULL', 0, 60, 1, ''),
('1773', '1773070', 'หน่วยปฏิบัติการสถาปัตยกรรม', 'NULL', 0, 60, 1, ''),
('1773', '1773080', 'หน่วยปฏิบัติการการจัดการศึกษาตามยุทธศาสตร์', 'NULL', 0, 60, 1, ''),
('1700', '1781', 'วิศวกรรมศาสตร์', 'NULL', 0, 11, 0, NULL),
('1000', '1800', 'คณะศิลปกรรมและออกแบบอุตสาหกรรม', 'NULL', 0, 30, 1, NULL),
('1800', '1810', 'สำนักงานคณบดี', 'NULL', 0, 40, 1, NULL),
('1810', '1811', 'งานบริหารงานทั่วไป', 'NULL', 0, 51, 1, NULL),
('1810', '1815', 'งานบริการการศึกษา', 'NULL', 0, 51, 1, NULL),
('1815', '1815010', 'แผนกงานวิชาการและวิจัย', 'NULL', 0, 51, 1, ''),
('1810', '1815020', 'แผนกงานพัฒนานักศึกษา', 'NULL', 0, 51, 1, ''),
('1800', '1820', 'กลุ่มสาขาศิลปกรรมและออกแบบอุตสาหกรรม', 'NULL', 0, 41, 1, NULL),
('1820', '1821', 'สาขาจิตรกรรม', 'NULL', 0, 52, 1, NULL),
('1820', '1822', 'สาขาศิลปะภาพพิมพ์', 'NULL', 0, 52, 1, NULL),
('1820', '1823', 'สาขาประติมากรรม', 'NULL', 0, 52, 1, NULL),
('1820', '1824', 'สาขาทัศนศิลป์', 'NULL', 0, 52, 1, NULL),
('1820', '1825', 'สาขาออกแบบผลิตภัณฑ์อุตสาหกรรม', 'NULL', 0, 52, 1, NULL),
('1820', '1826', 'สาขาออกแบบเซรามิก', 'NULL', 0, 52, 1, NULL),
('1820', '1827', 'สาขาออกแบบบรรจุภัณฑ์', 'NULL', 0, 52, 1, NULL),
('1820', '1828', 'สาขาเทคโนโลยีออกแบบนิเทศศิลป์', 'NULL', 0, 52, 1, NULL),
('1800', '1830', 'กลุ่มสาขาสถาปัตยกรรมศาสตร์', 'NULL', 0, 41, 1, NULL),
('1830', '1831', 'สาขาสถาปัตยกรรม', 'NULL', 0, 52, 1, NULL),
('1830', '1832', 'สาขาสถาปัตยกรรมภายใน', 'NULL', 0, 52, 1, NULL),
('1830', '1833', 'สาขาการจัดการผังเมือง', 'NULL', 0, 52, 1, NULL),
('1830', '1834', 'สาขาเทคโนโลยีมัลติมีเดีย', 'NULL', 0, 52, 1, NULL),
('0000', '2000', 'วิทยาเขตสุรินทร์', 'NULL', 2, 20, 1, NULL),
('2000', '2100', 'สำนักงานผู้อำนวยการ', 'NULL', 0, 40, 1, NULL),
('2100', '2105', 'งานบริหารทรัพยากร', 'NULL', 0, 51, 1, NULL),
('2105', '2105010', 'แผนกงานสารบรรณกลางวิทยาเขต', 'NULL', 0, 60, 1, NULL),
('2105', '2105020', 'แผนกบริหารงานทั่วไป', 'NULL', 0, 60, 1, NULL),
('2105', '2105030', 'แผนกนโยบายและแผน', 'NULL', 0, 60, 1, NULL),
('2105', '2105050', 'แผนกบริหารบุคคลและนิติการ', 'NULL', 0, 60, 1, NULL),
('2105', '2105130', 'แผนกการเงิน', 'NULL', 0, 60, 1, NULL),
('2105', '2105140', 'แผนกบัญชี', 'NULL', 0, 60, 1, NULL),
('2105', '2105150', 'แผนกพัสดุและออกแบบสิ่งก่อสร้าง', 'NULL', 0, 60, 1, NULL),
('2100', '2106', 'งานบริการการศึกษา', 'NULL', 0, 51, 1, NULL),
('2106', '2106010', 'แผนกบริหารงานทั่วไป', 'NULL', 0, 60, 1, NULL),
('2106', '2106020', 'แผนกพัฒนานักศึกษา', 'NULL', 0, 60, 1, NULL),
('2106', '2106030', 'แผนกวิจัยและพัฒนา', 'NULL', 0, 60, 1, NULL),
('2106', '2106040', 'แผนกส่งเสริมวิชาการและงานทะเบียน', 'NULL', 0, 60, 1, NULL),
('2106', '2106060', 'แผนกวิทยบริการ', 'NULL', 0, 60, 1, NULL),
('2106', '2106070', 'แผนกเทคโนโลยีสารสนเทศ', 'NULL', 0, 60, 1, NULL),
('2100', '2107', 'งานอำนวยการ', 'NULL', 0, 51, 1, NULL),
('2107', '2107010', 'แผนกสารบรรณกลางวิทยาเขต', 'NULL', 0, 60, 1, NULL),
('2107', '2107020', 'แผนกประกันคุณภาพการศึกษา', 'NULL', 0, 60, 1, NULL),
('2107', '2107030', 'แผนกอาคารสถานที่', 'NULL', 0, 60, 1, NULL),
('2107', '2107040', 'แผนกยานพาหนะ', 'NULL', 0, 60, 1, NULL),
('2107', '2107050', 'แผนกรักษาความปลอดภัย', 'NULL', 0, 60, 1, NULL),
('2107', '2107060', 'แผนกเอกสารการพิมพ์', 'NULL', 0, 60, 1, NULL),
('2107', '2107070', 'แผนกประชาสัมพันธ์และเผยแพร่', 'NULL', 0, 60, 1, NULL),
('2107', '2107080', 'แผนกบริหารสินทรัพย์และจัดหารายได้', 'NULL', 0, 60, 1, NULL),
('2100', '2108', 'ศูนย์บริการทางวิชาการและทดสอบ', 'NULL', 0, 53, 1, ''),
('2108', '2108010', 'แผนกบริหารงานทั่วไป', 'NULL', 0, 60, 1, NULL),
('2108', '2108020', 'แผนกบริการวิชาการ', 'NULL', 0, 60, 1, NULL),
('2108', '2108030', 'แผนกพัฒนาธุรกิจ SME', 'NULL', 0, 60, 1, NULL),
('2108', '2108040', 'แผนกทดสอบและรับรอง', 'NULL', 0, 60, 1, NULL),
('2100', '2170', 'ศูนย์วิจัยและพัฒนาไหมราชมงคลอีสาน', 'NULL', 0, 53, 1, ''),
('2170', '2170010', 'แผนกบริหารงานทั่วไป', 'NULL', 0, 60, 1, NULL),
('2170', '2170020', 'แผนกวิจัยและพัฒนาไหม', 'NULL', 0, 60, 1, NULL),
('2000', '2200', 'คณะเกษตรศาสตร์และเทคโนโลยี', 'NULL', 0, 30, 1, NULL),
('2200', '2210', 'สำนักงานคณบดี', 'NULL', 0, 40, 1, NULL),
('2210', '2211', 'งานบริหารงานทั่วไป', 'NULL', 0, 51, 1, NULL),
('2211', '2211010', 'แผนกงานธุรการคณะ', 'NULL', 0, 60, 1, NULL),
('2211', '2211020', 'แผนกงานแผนและประกันคุณภาพการศึกษา', 'NULL', 0, 60, 1, NULL),
('2210', '2215', 'งานบริการการศึกษา', 'NULL', 0, 51, 1, NULL),
('2215', '2215010', 'แผนกงานวิชาการและวิจัย', 'NULL', 0, 60, 1, NULL),
('2215', '2215020', 'แผนกงานพัฒนานักศึกษา', 'NULL', 0, 60, 1, NULL),
('2200', '2220', 'กลุ่มสาขาเกษตรศาสตร์', 'NULL', 0, 41, 1, NULL),
('2220', '2221', 'สาขาพืชศาสตร์', 'NULL', 0, 52, 1, NULL),
('2220', '2222', 'สาขาเทคโนโลยีภูมิทัศน์', 'NULL', 0, 52, 1, NULL),
('2220', '2223', 'สาขาสัตวศาสตร์', 'NULL', 0, 52, 1, NULL),
('2220', '2224', 'สาขาประมง', 'NULL', 0, 52, 1, NULL),
('2220', '2225', 'สาขาครุศาสตร์เกษตรและอุตสาหกรรม', 'NULL', 0, 52, 1, NULL),
('2220', '2226', 'สาขาเกษตรศึกษา', 'NULL', 0, 52, 1, NULL),
('2220', '2227', 'สาขาสิ่งทอและการออกแบบ', 'NULL', 0, 52, 1, NULL),
('2220', '2228', 'สาขาพืชศาสตร์ สิ่งทอ และการออกแบบ', NULL, 0, 52, 1, NULL),
('2200', '2230', 'กลุ่มสาขาวิทยาศาสตร์และเทคโนโลยี', 'NULL', 0, 41, 1, NULL),
('2230', '2231', 'สาขาอุตสาหกรรมเกษตร', 'NULL', 0, 52, 1, NULL),
('2230', '2232', 'สาขาวิศวกรรมเครื่องกล', 'NULL', 0, 52, 1, NULL),
('2230', '2233', 'สาขาเกษตรกลวิธาน', 'NULL', 0, 52, 1, NULL),
('2230', '2234', 'สาขาเทคโนโลยีคอมพิวเตอร์', 'NULL', 0, 52, 1, NULL),
('2230', '2235', 'สาขาวิทยาศาสตร์และคณิตศาสตร์', 'NULL', 0, 52, 1, NULL),
('2230', '2236', 'สาขาเครื่องจักรกลเกษตร', 'NULL', 0, 52, 1, NULL),
('2230', '2237', 'สาขาเทคโนโลยีไฟฟ้า', 'NULL', 0, 52, 1, NULL),
('2230', '2241', 'ศูนย์ทดสอบทางวิทยาศาสตร์', 'NULL', 0, 51, 1, NULL),
('2241', '2241010', 'แผนกงานบริหารจัดการศูนย์', 'NULL', 0, 60, 1, NULL),
('2230', '2242', 'ศูนย์วิจัยและถ่ายทอดเทคโนโลยีเกษตรอินทรีย์', 'NULL', 0, 51, 1, NULL),
('2242', '2242010', 'แผนกงานบริหารจัดการศูนย์', 'NULL', 0, 60, 1, NULL),
('2230', '2243', 'ศูนย์วิจัยพลังงานและนวัตกรรม', 'NULL', 0, 51, 1, NULL),
('2243', '2243010', 'แผนกงานบริหารจัดการศูนย์', 'NULL', 0, 60, 1, NULL),
('2000', '2300', 'คณะเทคโนโลยีการจัดการ', 'NULL', 0, 30, 1, NULL),
('2300', '2310', 'สำนักงานคณบดี', 'NULL', 0, 40, 1, NULL),
('2310', '2311', 'งานบริหารงานทั่วไป', 'NULL', 0, 51, 1, NULL),
('2311', '2311010', 'แผนกงานธุรการคณะ', 'NULL', 0, 60, 1, NULL),
('2311', '2311020', 'แผนกงานแผนและประกันคุณภาพการศึกษา', 'NULL', 0, 60, 1, NULL),
('2310', '2315', 'งานบริการการศึกษา', 'NULL', 0, 51, 1, NULL),
('2315', '2315010', 'แผนกงานวิชาการและวิจัย', 'NULL', 0, 60, 1, NULL),
('2315', '2315020', 'แผนกงานพัฒนานักศึกษา', 'NULL', 0, 60, 1, NULL),
('2300', '2320', 'กลุ่มสาขาบริหารธุรกิจ', 'NULL', 0, 41, 1, NULL),
('2320', '2321', 'สาขาการจัดการ', 'NULL', 0, 52, 1, NULL),
('2320', '2322', 'สาขาการบัญชี', 'NULL', 0, 52, 1, NULL),
('2320', '2323', 'สาขาระบบสารสนเทศ', 'NULL', 0, 52, 1, NULL),
('2320', '2324', 'สาขาการตลาด', 'NULL', 0, 52, 1, NULL),
('2300', '2325', 'สาขาบริหารธุรกิจเกษตร', 'NULL', 0, 52, 1, NULL),
('2300', '2330', 'กลุ่มสาขาศิลปศาสตร์', 'NULL', 0, 41, 1, NULL),
('2330', '2331', 'สาขามนุษย์ศาสตร์และสังคมศาสตร์', 'NULL', 0, 52, 1, NULL),
('2330', '2332', 'สาขาภาษาศาสตร์', 'NULL', 0, 52, 1, NULL),
('2330', '2333', 'สาขาการท่องเที่ยวและโรงแรม', 'NULL', 0, 52, 1, NULL),
('2330', '2334', 'สาขาศึกษาศาสตร์', 'NULL', 0, 52, 1, NULL),
('0000', '3000', 'วิทยาเขตขอนแก่น', 'NULL', 2, 20, 1, NULL),
('3000', '3100', 'สำนักงานผู้อำนวยการ', 'NULL', 0, 40, 1, NULL),
('3100', '3105', 'งานบริหารทรัพยากร', 'NULL', 0, 51, 1, NULL),
('3105', '3105110', 'แผนกการเงิน', 'NULL', 0, 60, 1, NULL),
('3105', '3105120', 'แผนกการบัญชี', 'NULL', 0, 60, 1, NULL),
('3105', '3105130', 'แผนกเบิกจ่าย', 'NULL', 0, 60, 1, NULL),
('3105', '3105150', 'แผนกพัสดุและออกแบบสิ่งก่อสร้าง', 'NULL', 0, 60, 1, NULL),
('3105', '3105160', 'แผนกบริหารงานบุคคล', 'NULL', 0, 60, 1, NULL),
('3105', '3105180', 'แผนกแผนและประกันคุณภาพการศึกษา', 'NULL', 0, 60, 1, NULL),
('3100', '3106', 'งานบริการการศึกษา', 'NULL', 0, 51, 1, NULL),
('3106', '3106020', 'แผนกพัฒนานักศึกษาและเครือข่ายสัมพันธ์', 'NULL', 0, 60, 1, NULL),
('3106', '3106040', 'แผนกส่งเสริมวิชาการและงานทะเบียน', 'NULL', 0, 60, 1, NULL),
('3106', '3106060', 'แผนกวิทยบริการ', 'NULL', 0, 60, 1, NULL),
('3106', '3106070', 'แผนกเทคโนโลยีสารสนเทศ', 'NULL', 0, 60, 1, NULL),
('3106', '3106080', 'แผนกวิจัยและพัฒนา', 'NULL', 0, 60, 1, NULL),
('3100', '3107', 'งานอำนวยการ', 'NULL', 0, 51, 1, NULL),
('3107', '3107010', 'แผนกสารบรรณกลางวิทยาเขต', 'NULL', 0, 60, 1, NULL),
('3107', '3107020', 'แผนกเลขานุการและการประชุม', 'NULL', 0, 60, 1, NULL),
('3107', '3107030', 'แผนกอาคารสถานที่', 'NULL', 0, 60, 1, NULL),
('3107', '3107040', 'แผนกยานพาหนะ', 'NULL', 0, 60, 1, NULL),
('3107', '3107050', 'แผนกรักษาความปลอดภัย', 'NULL', 0, 60, 1, NULL),
('3107', '3107060', 'แผนกเอกสารการพิมพ์', 'NULL', 0, 60, 1, NULL),
('3107', '3107070', 'แผนกประชาสัมพันธ์และเผยแพร่', 'NULL', 0, 60, 1, NULL),
('3100', '3108', 'ศูนย์บริการทางวิชาการและทดสอบ ณ วิทยาเขตขอนแก่น', 'NULL', 0, 53, 1, ''),
('3108', '3108010', 'แผนกบริหารงานทั่วไป', 'NULL', 0, 60, 1, NULL),
('3108', '3108020', 'แผนกบริการวิชาการ', 'NULL', 0, 60, 1, NULL),
('3108', '3108030', 'แผนกทดสอบและรับรอง', 'NULL', 0, 60, 1, NULL),
('3100', '3109', 'ศูนย์การศึกษาโคกสี', 'NULL', 0, 53, 1, ''),
('3109', '3109010', 'แผนกบริหารงานทั่วไป', 'NULL', 0, 60, 1, NULL),
('3109', '3109020', 'แผนกอาคารและสถานที่', 'NULL', 0, 60, 1, NULL),
('3100', '3110', 'วิทยาลัยไทยไมซ์สเตอร์แห่งมหาวิทยาลัยเทคโนโลยีราชมงคลอีสาน', 'NULL', 0, 33, 1, ''),
('3110', '3110010', 'แผนกบริหารงานทั่วไป', 'NULL', 0, 60, 1, NULL),
('3110', '3110020', 'แผนกฝึกอบรม', 'NULL', 0, 60, 1, NULL),
('3110', '3110030', 'แผนกสถานประกอบการสัมพันธ์', 'NULL', 0, 60, 1, NULL),
('3110', '3110040', 'แผนกทดสอบและรับรอง', 'NULL', 0, 60, 1, NULL),
('3000', '3200', 'คณะครุศาสตร์อุตสาหกรรม', 'NULL', 0, 30, 1, NULL),
('3200', '3210', 'สำนักงานคณบดี', 'NULL', 0, 40, 1, NULL),
('3210', '3211', 'งานบริหารงานทั่วไป', 'NULL', 0, 51, 1, NULL),
('3211', '3211010', 'แผนกงานธุรการคณะ', 'NULL', 0, 60, 1, NULL),
('3211', '3211020', 'แผนกงานแผนและประกันคุณภาพการศึกษา', 'NULL', 0, 60, 1, NULL),
('3210', '3212', 'งานวิชาการและวิจัย', 'NULL', 0, 51, 1, ''),
('3210', '3213', 'งานพัฒนานักศึกษา', 'NULL', 0, 51, 1, ''),
('3210', '3215', 'งานบริการการศึกษา', 'NULL', 0, 51, 1, NULL),
('3215', '3215010', 'แผนกงานวิชาการและวิจัย', 'NULL', 0, 60, 1, NULL),
('3215', '3215020', 'แผนกงานพัฒนานักศึกษา', 'NULL', 0, 60, 1, NULL),
('3200', '3220', 'กลุ่มสาขาครุศาสตร์อุตสาหกรรม', 'NULL', 0, 41, 1, NULL),
('3220', '3221', 'สาขาครุศาสตร์อุตสาหกรรมโยธา', 'NULL', 0, 52, 1, NULL),
('3220', '3222', 'สาขาครุศาสตร์อุตสาหกรรมไฟฟ้า', 'NULL', 0, 52, 1, NULL),
('3220', '3223', 'สาขาครุศาสตร์อุตสาหกรรมเครื่องกล', 'NULL', 0, 52, 1, NULL),
('3220', '3224', 'สาขาครุศาสตร์อุตสาหกรรมอุตสาหการ', 'NULL', 0, 52, 1, NULL),
('3220', '3225', 'สาขาครุศาสตร์อุตสาหกรรมอิเล็กทรอนิกส์และโทรคมนาคม', 'NULL', 0, 52, 1, NULL),
('3220', '3226', 'สาขาครุศาสตร์อุตสาหกรรมคอมพิวเตอร์', 'NULL', 0, 52, 1, NULL),
('3220', '3227', 'สาขาครุศาสตร์อุตสาหการเชื่อมประกอบ', 'NULL', 0, 52, 1, NULL),
('3200', '3230', 'กลุ่มสาขาเทคโนโลยีอุตสาหกรรม', 'NULL', 0, 41, 1, NULL),
('3230', '3231', 'สาขาเทคโนโลยีอุตสาหการ', 'NULL', 0, 52, 1, NULL),
('3230', '3232', 'สาขาเทคโนโลยีท่ออุตสาหกรรม', 'NULL', 0, 52, 1, NULL),
('3200', '3240', 'กลุ่มสาขาศิลปศาสตร์และเทคโนโลยีการจัดการ', 'NULL', 0, 41, 1, NULL),
('3240', '3241', 'สาขาศิลปศาสตร์', 'NULL', 0, 52, 1, NULL),
('3240', '3242', 'สาขาสังคมศาสตร์', 'NULL', 0, 52, 1, NULL),
('3240', '3243', 'สาขาพลศึกษาและนันทนาการ', 'NULL', 0, 52, 1, NULL),
('3200', '3244', 'สาขาการตลาด', 'NULL', 0, 52, 1, NULL),
('3200', '3245', 'สาขาการจัดการ', 'NULL', 0, 52, 1, NULL),
('3200', '3246', 'สาขาการบัญชี', 'NULL', 0, 52, 1, NULL),
('3200', '3247', 'สาขาเทคโนโลยีสารสนเทศ', 'NULL', 0, 52, 1, NULL),
('3200', '3248', 'สาขาภาษาไทย', 'NULL', 0, 52, 1, NULL),
('3200', '3249', 'สาขามนุษยศาสตร์', 'NULL', 0, 52, 1, NULL),
('3000', '3300', 'คณะวิศวกรรมศาสตร์', 'NULL', 0, 30, 1, NULL),
('3300', '3310', 'สำนักงานคณบดี', 'NULL', 0, 40, 1, NULL),
('3310', '3311', 'งานบริหารงานทั่วไป', 'NULL', 0, 51, 1, NULL),
('3311', '3311010', 'แผนกงานธุรการคณะ', 'NULL', 0, 60, 1, NULL),
('3311', '3311020', 'แผนกงานแผนและประกันคุณภาพการศึกษา', 'NULL', 0, 60, 1, NULL),
('3310', '3312', 'งานวิชาการและวิจัย', 'NULL', 0, 51, 1, ''),
('3310', '3313', 'งานพัฒนานักศึกษา', 'NULL', 0, 51, 1, ''),
('3310', '3315', 'งานบริการการศึกษา', 'NULL', 0, 51, 1, NULL),
('3315', '3315010', 'แผนกงานวิชาการและวิจัย', 'NULL', 0, 60, 1, NULL),
('3315', '3315020', 'แผนกงานพัฒนานักศึกษา', 'NULL', 0, 60, 1, NULL),
('3300', '3320', 'กลุ่มสาขาวิศวกรรมโยธา', 'NULL', 0, 41, 1, NULL),
('3320', '3321', 'สาขาวิศวกรรมโยธา', 'NULL', 0, 52, 1, NULL),
('3300', '3330', 'กลุ่มสาขาวิศวกรรมไฟฟ้า', 'NULL', 0, 41, 1, NULL),
('3330', '3331', 'สาขาวิศวกรรมไฟฟ้า', 'NULL', 0, 52, 1, NULL),
('3330', '3332', 'สาขาวิศวกรรมอิเล็กทรอนิกส์และโทรคมนาคม', 'NULL', 0, 52, 1, NULL),
('3330', '3333', 'สาขาวิศวกรรมคอมพิวเตอร์', 'NULL', 0, 52, 1, NULL),
('3330', '3334', 'สาขาวิศวกรรมเมคคาทรอนิกส์', 'NULL', 0, 52, 1, NULL),
('3300', '3340', 'กลุ่มสาขาวิศวกรรมเครื่องกล', 'NULL', 0, 41, 1, NULL),
('3340', '3341', 'สาขาวิศวกรรมเครื่องกล', 'NULL', 0, 52, 1, NULL),
('3340', '3342', 'สาขาวิศวกรรมเครื่องจักรกลเกษตร', 'NULL', 0, 52, 1, NULL),
('3340', '3343', 'สาขาวิศวกรรมหลังการเก็บเกี่ยวและแปรสภาพ', 'NULL', 0, 52, 1, NULL),
('3300', '3350', 'กลุ่มสาขาวิศวกรรมอุตสาหการ', 'NULL', 0, 41, 1, NULL),
('3350', '3351', 'สาขาวิศวกรรมอุตสาหการ', 'NULL', 0, 52, 1, NULL),
('3350', '3352', 'สาขาวิศวกรรมโลหการ', 'NULL', 0, 52, 1, NULL),
('3300', '3360', 'กลุ่มสาขาวิทยาศาสตร์ประยุกต์', 'NULL', 0, 41, 1, NULL),
('3360', '3361', 'สาขาเคมี', 'NULL', 0, 52, 1, NULL),
('3360', '3362', 'สาขาฟิสิกส์ประยุกต์', 'NULL', 0, 52, 1, NULL),
('3360', '3363', 'สาขาคณิตศาสตร์', 'NULL', 0, 52, 1, NULL),
('3360', '3364', 'สาขาสถิติประยุกต์', 'NULL', 0, 52, 1, NULL),
('3300', '3371', 'ศูนย์เทคโนโลยีและนวัตกรรม', 'NULL', 0, 53, 1, ''),
('3371', '3371010', 'แผนกงานบริหารจัดการศูนย์', 'NULL', 0, 60, 1, NULL),
('3000', '3400', 'คณะบริหารธุรกิจและเทคโนโลยีสารสนเทศ', 'NULL', 0, 30, 1, NULL),
('3400', '3410', 'สำนักงานคณบดี', 'NULL', 0, 40, 1, NULL),
('3410', '3411', 'งานบริหารงานทั่วไป', 'NULL', 0, 51, 1, NULL),
('3411', '3411010', 'แผนกงานธุรการคณะ', 'NULL', 0, 60, 1, NULL),
('3411', '3411020', 'แผนกงานแผนและประกันคุณภาพการศึกษา', 'NULL', 0, 60, 1, NULL),
('3410', '3412', 'งานบริการการศึกษา', 'NULL', 0, 51, 1, NULL),
('3412', '3412010', 'แผนกงานวิชาการและวิจัย', 'NULL', 0, 60, 1, NULL),
('3412', '3412020', 'แผนกงานพัฒนานักศึกษา', 'NULL', 0, 60, 1, NULL),
('3400', '3420', 'กลุ่มสาขาบริหารธุรกิจ', 'NULL', 0, 41, 1, NULL),
('3420', '3421', 'สาขาการตลาด', 'NULL', 0, 52, 1, NULL),
('3420', '3422', 'สาขาการจัดการ', 'NULL', 0, 52, 1, NULL),
('3420', '3423', 'สาขาการบัญชี', 'NULL', 0, 52, 1, NULL),
('3420', '3424', 'สาขาระบบสารสนเทศ', 'NULL', 0, 52, 1, NULL),
('3420', '3425', 'สาขาวิชาโลจิสติกส์', NULL, 0, 52, 1, NULL),
('3420', '3426', 'สาขาการท่องเที่ยวและการบริการ\r\n', NULL, 0, 52, 1, NULL),
('0000', '5000', 'วิทยาเขตสกลนคร', NULL, 0, 20, 1, NULL),
('5000', '5100', 'สำนักงานผู้อำนวยการ', 'NULL', 0, 40, 1, NULL),
('5100', '5105', 'งานบริหารทรัพยากร', 'NULL', 0, 51, 1, NULL),
('5105', '5105020', 'แผนกงานบริหารงานทั่วไป', 'NULL', 0, 60, 1, NULL),
('5105', '5105030', 'แผนกงานการคลัง', 'NULL', 0, 60, 1, NULL),
('5105', '5105040', 'แผนกงานพัสดุและออกแบบสิ่งก่อสร้าง', 'NULL', 0, 60, 1, NULL),
('5105', '5105050', 'แผนกงานนโยบายและแผน', 'NULL', 0, 60, 1, NULL),
('5105', '5105060', 'แผนกงานบริหารงานบุคคล', 'NULL', 0, 60, 1, NULL),
('5105', '5105090', 'แผนกงานวิเทศสัมพันธ์', 'NULL', 0, 60, 1, NULL),
('5100', '5106', 'งานบริการการศึกษา', 'NULL', 0, 51, 1, NULL),
('5106', '5106010', 'แผนกงานบริหารงานทั่วไป', 'NULL', 0, 60, 1, NULL),
('5106', '5106020', 'แผนกงานพัฒนานักศึกษา', 'NULL', 0, 60, 1, NULL),
('5106', '5106030', 'แผนกงานวิจัยและพัฒนา', 'NULL', 0, 60, 1, NULL),
('5106', '5106040', 'แผนกงานส่งเสริมวิชาการและงานทะเบียน', 'NULL', 0, 60, 1, NULL),
('5106', '5106050', 'แผนกงานวิทยบริการและเทคโนโลยีสารสนเทศ', 'NULL', 0, 60, 1, NULL),
('5106', '5106060', 'แผนกงานประกันคุณภาพการศึกษา', 'NULL', 0, 60, 1, NULL),
('5100', '5107', 'โรงพยาบาลการแพทย์แผนไทยสกลนคร หลวงปู่แฟ๊ป สุภัทโท', 'NULL', 0, 53, 1, ''),
('5107', '5107010', 'แผนกงานบริหารงานทั่วไป', 'NULL', 0, 60, 1, NULL),
('5107', '5107020', 'แผนกงานวิชาการ', 'NULL', 0, 60, 1, NULL),
('5100', '5108', 'โรงเรียนสาธิตเตรียมวิศวกรรมและเทคโนโลยี', 'NULL', 0, 53, 1, ''),
('5108', '5108010', 'สํานักงานโรงเรียนสาธิตเตรียมวิศวกรรมและเทคโนโลยี', 'NULL', 0, 40, 1, NULL),
('5108', '5108020', 'แผนกงานบริหารงานทั่วไป', 'NULL', 0, 60, 1, NULL),
('5108', '5108030', 'แผนกงานบริการการศึกษา', 'NULL', 0, 60, 1, NULL),
('5100', '5109', 'งานอำนวยการ', 'NULL', 0, 51, 1, NULL),
('5109', '5109010', 'แผนกงานสารบรรณกลางวิทยาเขต', 'NULL', 0, 60, 1, NULL),
('5109', '5109020', 'แผนกงานเลขานุการและการประชุม', 'NULL', 0, 60, 1, NULL),
('5109', '5109030', 'แผนกงานอาคารสถานที่', 'NULL', 0, 60, 1, NULL),
('5109', '5109040', 'แผนกงานยานพาหนะ', 'NULL', 0, 60, 1, NULL),
('5109', '5109050', 'แผนกงานรักษาความปลอดภัย', 'NULL', 0, 60, 1, NULL),
('5109', '5109060', 'แผนกงานเอกสารการพิมพ์', 'NULL', 0, 60, 1, NULL),
('5109', '5109070', 'แผนกงานประชาสัมพันธ์และเผยแพร่', 'NULL', 0, 60, 1, NULL),
('5100', '5110', 'ศูนย์บริการวิชาการและทดสอบ', 'NULL', 0, 53, 1, ''),
('5110', '5110010', 'แผนกงานบริหารงานทั่วไป', 'NULL', 0, 60, 1, NULL),
('5110', '5110020', 'แผนกงานบริการการศึกษา', 'NULL', 0, 60, 1, NULL),
('5110', '5110030', 'แผนกงานทดสอบและรับรอง', 'NULL', 0, 60, 1, NULL),
('5000', '5200', 'คณะอุตสาหกรรมและเทคโนโลยี', 'NULL', 0, 30, 1, NULL),
('5200', '5210', 'สำนักงานคณบดี', 'NULL', 0, 40, 1, NULL),
('5210', '5211', 'งานบริหารงานทั่วไป', 'NULL', 0, 51, 1, NULL),
('5211', '5211010', 'แผนกงานธุรการคณะ', 'NULL', 0, 60, 1, NULL),
('5211', '5211020', 'แผนกงานแผนและประกันคุณภาพการศึกษา', 'NULL', 0, 60, 1, NULL),
('5210', '5212', 'งานวิชาการและวิจัย', 'NULL', 0, 51, 1, ''),
('5210', '5213', 'งานพัฒนานักศึกษา', 'NULL', 0, 51, 1, ''),
('5210', '5215', 'งานบริการการศึกษา', 'NULL', 0, 51, 1, NULL),
('5215', '5215010', 'แผนกงานวิชาการและวิจัย', 'NULL', 0, 60, 1, NULL),
('5215', '5215020', 'แผนกงานพัฒนานักศึกษา', 'NULL', 0, 60, 1, NULL),
('5200', '5220', 'กลุ่มสาขาอุตสาหกรรมและเทคโนโลยี', 'NULL', 0, 41, 1, NULL),
('5220', '5221', 'สาขาวิศวกรรมอุตสาหการ', 'NULL', 0, 52, 1, NULL),
('5220', '5222', 'สาขาวิศวกรรมโยธา', 'NULL', 0, 52, 1, NULL),
('5220', '5223', 'สาขาวิศวกรรมไฟฟ้า', 'NULL', 0, 52, 1, NULL),
('5220', '5224', 'สาขาวิศวกรรมเครื่องกล', 'NULL', 0, 52, 1, NULL),
('5200', '5230', 'กลุ่มสาขาวิทยาศาสตร์และศิลปะศาสตร์', 'NULL', 0, 41, 1, NULL),
('5230', '5231', 'สาขาวิทยาศาสตร์และคณิตศาสตร์', 'NULL', 0, 52, 1, NULL),
('5230', '5232', 'สาขาศิลปศาสตร์', 'NULL', 0, 52, 1, NULL),
('5200', '5233', 'สาขาบริหารธุรกิจ', 'NULL', 0, 52, 1, NULL),
('5200', '5241', 'โรงเรียนสาธิตเตรียมวิศวกรรมและเทคโนโลยี', 'NULL', 0, 53, 1, ''),
('5000', '5300', 'คณะทรัพยากรธรรมชาติ', 'NULL', 0, 30, 1, NULL),
('5300', '5310', 'สำนักงานคณบดี', 'NULL', 0, 40, 1, NULL),
('5310', '5311', 'งานบริหารงานทั่วไป', 'NULL', 0, 51, 1, NULL),
('5311', '5311010', 'แผนกงานธุรการคณะ', 'NULL', 0, 60, 1, NULL),
('5311', '5311020', 'แผนกงานแผนและประกันคุณภาพการศึกษา', 'NULL', 0, 60, 1, NULL),
('5310', '5312', 'งานวิชาการและวิจัย', 'NULL', 0, 51, 1, ''),
('5310', '5313', 'งานพัฒนานักศึกษา', 'NULL', 0, 51, 1, ''),
('5310', '5315', 'งานบริการการศึกษา', 'NULL', 0, 51, 1, NULL),
('5315', '5315010', 'แผนกงานวิชาการและวิจัย', 'NULL', 0, 60, 1, NULL),
('5315', '5315020', 'แผนกงานพัฒนานักศึกษา', 'NULL', 0, 60, 1, NULL),
('5300', '5320', 'กลุ่มสาขาเกษตรและสหเวชศาสตร์', 'NULL', 0, 41, 1, NULL),
('5320', '5321', 'สาขาสัตวศาสตร์', 'NULL', 0, 52, 1, NULL),
('5320', '5322', 'สาขาพืชศาสตร์', 'NULL', 0, 52, 1, NULL),
('5320', '5323', 'สาขาประมง', 'NULL', 0, 52, 1, NULL),
('5320', '5324', 'สาขาวิทยาศาสตร์และเทคโนโลยีอาหาร', 'NULL', 0, 52, 1, NULL),
('5320', '5325', '', 'NULL', 0, 52, 1, NULL),
('5300', '5326', 'สาขาเทคโนโลยีชีวภาพ', 'NULL', 0, 52, 1, NULL),
('5300', '5327', 'สาขาเทคโนโลยีภูมิทัศน์และพืชสวนประดับ', 'NULL', 0, 52, 1, NULL);

-- --------------------------------------------------------

--
-- Table structure for table `tb_club`
--

CREATE TABLE `tb_club` (
  `club_id` int(20) NOT NULL COMMENT 'ไอดีชมรม',
  `club_name` varchar(255) NOT NULL COMMENT 'ชื่อชมรม',
  `club_date_start` date NOT NULL COMMENT 'วันที่เปิดชมรม',
  `club_president` varchar(100) NOT NULL COMMENT 'ประธานชมรม',
  `club_approve_status` int(20) NOT NULL COMMENT 'สถานะชมรม รออนุมัติ ไม่อนุมัติ อนุมัติแล้ว',
  `club_user_approve` int(20) NOT NULL COMMENT 'ผู้ที่ อนุมัติ',
  `club_date_approve` date NOT NULL COMMENT 'วันที่อนุมัติ'
) ENGINE=InnoDB DEFAULT CHARSET=utf8;

--
-- Indexes for dumped tables
--

--
-- Indexes for table `student`
--
ALTER TABLE `student`
  ADD PRIMARY KEY (`student_no`),
  ADD KEY `faculty` (`faculty`),
  ADD KEY `field_of_study` (`field_of_study`);

--
-- Indexes for table `s_organization`
--
ALTER TABLE `s_organization`
  ADD PRIMARY KEY (`code`),
  ADD KEY `IDX` (`parent`,`code`,`name`(128),`type`,`level`);

--
-- Indexes for table `tb_club`
--
ALTER TABLE `tb_club`
  ADD PRIMARY KEY (`club_id`);

--
-- AUTO_INCREMENT for dumped tables
--

--
-- AUTO_INCREMENT for table `tb_club`
--
ALTER TABLE `tb_club`
  MODIFY `club_id` int(20) NOT NULL AUTO_INCREMENT COMMENT 'ไอดีชมรม';
COMMIT;

/*!40101 SET CHARACTER_SET_CLIENT=@OLD_CHARACTER_SET_CLIENT */;
/*!40101 SET CHARACTER_SET_RESULTS=@OLD_CHARACTER_SET_RESULTS */;
/*!40101 SET COLLATION_CONNECTION=@OLD_COLLATION_CONNECTION */;
